{
  "WORK_OF_ART": {
    "precision": 0.7971014492753623,
    "recall": 0.7432432432432432,
    "f1-score": 0.7692307692307693,
    "support": 74,
    "confused_with": {
      "CARDINAL": 1
    }
  },
  "CARDINAL": {
    "precision": 0.6666666666666666,
    "recall": 0.4444444444444444,
    "f1-score": 0.5333333333333333,
    "support": 9,
    "confused_with": {
      "WORK_OF_ART": 1
    }
  },
  "GENRE": {
    "precision": 0.4444444444444444,
    "recall": 0.4444444444444444,
    "f1-score": 0.4444444444444444,
    "support": 9,
    "confused_with": {}
  },
  "GPE": {
    "precision": 0.92,
    "recall": 0.71875,
    "f1-score": 0.8070175438596492,
    "support": 32,
    "confused_with": {}
  },
  "micro avg": {
    "precision": 0.7889908256880734,
    "recall": 0.6935483870967742,
    "f1-score": 0.738197424892704,
    "support": 124
  },
  "macro avg": {
    "precision": 0.7070531400966183,
    "recall": 0.5877205330330331,
    "f1-score": 0.638506522717049,
    "support": 124
  },
  "weighted avg": {
    "precision": 0.7937540906965872,
    "recall": 0.6935483870967742,
    "f1-score": 0.738287405859562,
    "support": 124
  }
}