{
  "WORK_OF_ART": {
    "precision": 0.7692307692307693,
    "recall": 0.45454545454545453,
    "f1-score": 0.5714285714285714,
    "support": 22,
    "confused_with": {}
  },
  "micro avg": {
    "precision": 0.7692307692307693,
    "recall": 0.45454545454545453,
    "f1-score": 0.5714285714285714,
    "support": 22
  },
  "macro avg": {
    "precision": 0.7692307692307693,
    "recall": 0.45454545454545453,
    "f1-score": 0.5714285714285714,
    "support": 22
  },
  "weighted avg": {
    "precision": 0.7692307692307693,
    "recall": 0.45454545454545453,
    "f1-score": 0.5714285714285714,
    "support": 22
  }
}