{
  "select": {
    "precision": 0.75,
    "recall": 0.6428571428571429,
    "f1-score": 0.6923076923076924,
    "support": 28,
    "confused_with": {
      "fun_fact_question": 5,
      "thank_you": 2
    }
  },
  "thank_you": {
    "precision": 0.6666666666666666,
    "recall": 0.6666666666666666,
    "f1-score": 0.6666666666666666,
    "support": 12,
    "confused_with": {
      "negate": 3,
      "select": 1
    }
  },
  "fun_fact_question": {
    "precision": 0.9431818181818182,
    "recall": 1.0,
    "f1-score": 0.9707602339181286,
    "support": 83,
    "confused_with": {}
  },
  "affirm": {
    "precision": 0.75,
    "recall": 0.6,
    "f1-score": 0.6666666666666665,
    "support": 10,
    "confused_with": {
      "select": 3,
      "thank_you": 1
    }
  },
  "negate": {
    "precision": 0.8974358974358975,
    "recall": 0.9459459459459459,
    "f1-score": 0.9210526315789475,
    "support": 37,
    "confused_with": {
      "thank_you": 1,
      "select": 1
    }
  },
  "request_alts": {
    "precision": 1.0,
    "recall": 0.95,
    "f1-score": 0.9743589743589743,
    "support": 20,
    "confused_with": {
      "select": 1
    }
  },
  "accuracy": 0.8894736842105263,
  "macro avg": {
    "precision": 0.834547397047397,
    "recall": 0.8009116259116259,
    "f1-score": 0.8153021442495126,
    "support": 190
  },
  "weighted avg": {
    "precision": 0.8841537848116795,
    "recall": 0.8894736842105263,
    "f1-score": 0.8852132016951961,
    "support": 190
  }
}