{
  "inform_movie": {
    "precision": 0.9090909090909091,
    "recall": 0.9090909090909091,
    "f1-score": 0.9090909090909091,
    "support": 33,
    "confused_with": {
      "request_movie": 1,
      "inform_tickets": 1
    }
  },
  "greet": {
    "precision": 0.6,
    "recall": 0.6923076923076923,
    "f1-score": 0.6428571428571429,
    "support": 13,
    "confused_with": {
      "goodbye": 2,
      "affirm": 2
    }
  },
  "thank_you": {
    "precision": 0.8524590163934426,
    "recall": 0.8666666666666667,
    "f1-score": 0.8595041322314049,
    "support": 60,
    "confused_with": {
      "negate": 4,
      "request_alts": 1
    }
  },
  "request_ticket": {
    "precision": 0.7272727272727273,
    "recall": 0.8,
    "f1-score": 0.761904761904762,
    "support": 10,
    "confused_with": {
      "request_movie": 1,
      "inform_tickets": 1
    }
  },
  "request_movie": {
    "precision": 0.6666666666666666,
    "recall": 0.8235294117647058,
    "f1-score": 0.7368421052631577,
    "support": 17,
    "confused_with": {
      "request_ticket": 1,
      "request_alts": 1
    }
  },
  "request_alts": {
    "precision": 0.9428571428571428,
    "recall": 0.9801980198019802,
    "f1-score": 0.9611650485436893,
    "support": 101,
    "confused_with": {
      "negate": 1,
      "inform_location": 1
    }
  },
  "fun_fact_question": {
    "precision": 0.9785202863961814,
    "recall": 0.9927360774818402,
    "f1-score": 0.985576923076923,
    "support": 413,
    "confused_with": {
      "request_alts": 2,
      "affirm": 1
    }
  },
  "negate": {
    "precision": 0.9558011049723757,
    "recall": 0.9402173913043478,
    "f1-score": 0.947945205479452,
    "support": 184,
    "confused_with": {
      "thank_you": 6,
      "request_movie": 1
    }
  },
  "affirm": {
    "precision": 0.7962962962962963,
    "recall": 0.86,
    "f1-score": 0.826923076923077,
    "support": 50,
    "confused_with": {
      "thank_you": 2,
      "negate": 2
    }
  },
  "goodbye": {
    "precision": 0.5555555555555556,
    "recall": 0.5,
    "f1-score": 0.5263157894736842,
    "support": 10,
    "confused_with": {
      "affirm": 2,
      "thank_you": 1
    }
  },
  "inform_tickets": {
    "precision": 0.8,
    "recall": 0.8888888888888888,
    "f1-score": 0.8421052631578948,
    "support": 9,
    "confused_with": {
      "request_ticket": 1
    }
  },
  "inform_genre": {
    "precision": 1.0,
    "recall": 0.5714285714285714,
    "f1-score": 0.7272727272727273,
    "support": 7,
    "confused_with": {
      "request_movie": 2,
      "fun_fact_question": 1
    }
  },
  "confirm_movie": {
    "precision": 0.0,
    "recall": 0.0,
    "f1-score": 0.0,
    "support": 10,
    "confused_with": {
      "affirm": 5,
      "fun_fact_question": 3,
      "inform_movie": 2
    }
  },
  "inform_location": {
    "precision": 0.9230769230769231,
    "recall": 0.631578947368421,
    "f1-score": 0.7499999999999999,
    "support": 19,
    "confused_with": {
      "request_movie": 2,
      "request_alts": 2
    }
  },
  "accuracy": 0.9262820512820513,
  "macro avg": {
    "precision": 0.76482833061273,
    "recall": 0.7469030411502874,
    "f1-score": 0.7483930775196302,
    "support": 936
  },
  "weighted avg": {
    "precision": 0.9186829984226609,
    "recall": 0.9262820512820513,
    "f1-score": 0.9210948497240069,
    "support": 936
  }
}