{
  "affirm_intent": {
    "precision": 1.0,
    "recall": 1.0,
    "f1-score": 1.0,
    "support": 12,
    "confused_with": {}
  },
  "inform": {
    "precision": 1.0,
    "recall": 1.0,
    "f1-score": 1.0,
    "support": 35,
    "confused_with": {}
  },
  "negate_intent": {
    "precision": 0.981651376146789,
    "recall": 0.9907407407407407,
    "f1-score": 0.9861751152073732,
    "support": 108,
    "confused_with": {
      "negate": 1
    }
  },
  "bot_challenge": {
    "precision": 1.0,
    "recall": 1.0,
    "f1-score": 1.0,
    "support": 4,
    "confused_with": {}
  },
  "request_alts": {
    "precision": 1.0,
    "recall": 1.0,
    "f1-score": 1.0,
    "support": 101,
    "confused_with": {}
  },
  "thank_you": {
    "precision": 0.967741935483871,
    "recall": 1.0,
    "f1-score": 0.9836065573770492,
    "support": 60,
    "confused_with": {}
  },
  "request": {
    "precision": 1.0,
    "recall": 1.0,
    "f1-score": 1.0,
    "support": 252,
    "confused_with": {}
  },
  "affirm": {
    "precision": 1.0,
    "recall": 0.98,
    "f1-score": 0.98989898989899,
    "support": 50,
    "confused_with": {
      "select": 1
    }
  },
  "select": {
    "precision": 0.9928571428571429,
    "recall": 0.9858156028368794,
    "f1-score": 0.9893238434163701,
    "support": 141,
    "confused_with": {
      "thank_you": 2
    }
  },
  "greet": {
    "precision": 1.0,
    "recall": 1.0,
    "f1-score": 1.0,
    "support": 13,
    "confused_with": {}
  },
  "inform_intent": {
    "precision": 1.0,
    "recall": 1.0,
    "f1-score": 1.0,
    "support": 47,
    "confused_with": {}
  },
  "negate": {
    "precision": 0.994535519125683,
    "recall": 0.9891304347826086,
    "f1-score": 0.9918256130790191,
    "support": 184,
    "confused_with": {
      "negate_intent": 2
    }
  },
  "goodbye": {
    "precision": 1.0,
    "recall": 1.0,
    "f1-score": 1.0,
    "support": 10,
    "confused_with": {}
  },
  "accuracy": 0.9941002949852508,
  "macro avg": {
    "precision": 0.9951373825856528,
    "recall": 0.9958220598738639,
    "f1-score": 0.9954484706906771,
    "support": 1017
  },
  "weighted avg": {
    "precision": 0.9941693779890545,
    "recall": 0.9941002949852508,
    "f1-score": 0.9941089774908716,
    "support": 1017
  }
}